開催日,格,レース名,競馬場,距離,馬名,父,母,母父,馬主,写真URL
2026/01/04,,3歳1勝クラス,京都,芝2000m,ジュウリョクピエロ,オルフェーヴル,ハッピーヴァリュー,ゼンノロブロイ,近藤　健介,
2026/01/04,,3歳新馬,中山,ダ1200m,エアサロメ,ドレフォン,エアハンコック,キングカメハメハ,ラッキーフィールド,
2026/01/04,,4歳上1勝クラス,中山,ダ1800m,バタール,ナダル,アデレードヒル,ゴールドヘイロー,長谷川　祐司,
2026/01/04,L,ジュニアカップ,中山,芝1600m,リゾートアイランド,イスラボニータ,エディスバーグ,Frankel,柳田　将司,
2026/01/04,G3,日刊スポーツ賞中山金杯,中山,芝2000m,カラマティアノス,レイデオロ,ダンサール,ハーツクライ,サンデーレーシング,
2026/01/05,,3歳1勝クラス,中山,芝2000m,ステラスペース,レイデオロ,フィリポナ,ブラックタイド,落合　幸弘,
2026/01/05,,3歳未勝利,京都,芝1600m,ベルサンローラン,キタサンブラック,エレアノラデュース,Azamour,宮崎　俊也,
2026/01/05,,4歳上1勝クラス,中山,ダ2400m,キャストロププ,ルヴァンスレーヴ,キャストロメファ,トワイニング,手嶋　康雄,
2026/01/05,,4歳上1勝クラス,京都,芝1600m,サンタンカ,モーリス,ハピネス,コマンズ,ゴドルフィン,
2026/01/05,,4歳上1勝クラス,京都,ダ1800m,ルクスフレンジー,モーリス,サトノアイリ,ステイゴールド,ルクス,
2026/01/05,OP,万葉ステークス,京都,芝3000m,アクアヴァーナル,エピファネイア,エイプリルミスト,ディープインパクト,吉田　勝己,
2026/01/05,OP,中山新春ジャンプステークス,中山,障3200m,コンテナワールド,エピファネイア,ユッカマウンテン,アグネスタキオン,住谷　孝一,
2026/01/10,,3歳未勝利,京都,芝2400m,ガウディ,レイデオロ,グラディーヴァ,ハービンジャー,近藤　英子,
2026/01/10,,3歳未勝利,京都,ダ1800m,クイーンズドリーム,クリソベリル,アンデスクイーン,タートルボウル,グリーンファーム,
2026/01/10,,3歳未勝利,中山,ダ1200m,コックピットサイト,ドレフォン,ベラポーサ,Tapit,山田　弘,
2026/01/10,,3歳未勝利,中山,芝1600m,ディールメーカー,イスラボニータ,アームズレングス,ホワイトマズル,諸江　幸祐,
2026/01/10,,4歳上1勝クラス,中山,ダ1200m,キボウノホシ,ロードカナロア,アイアムカミノマゴ,アグネスタキオン,ワイズマン,
2026/01/10,,4歳上1勝クラス,京都,ダ1200m,ベンダバール,ドレフォン,ラヴアズギフト,Tiznow,グリーンファーム,
2026/01/10,,初凪賞（4歳以上2勝クラス）,中山,芝1600m,マテンロウブラボー,モーリス,トリニティプレイス,マンハッタンカフェ,寺田　千代乃,
2026/01/10,,黒竹賞（3歳1勝クラス）,中山,ダ1800m,マクリール,ロードカナロア,アイリッシュシー,Galileo,シルクレーシング,
2026/01/11,,3歳未勝利,京都,芝1800m,ナリタエスペランサ,キタサンブラック,ワンダーフィリー,Invincible Spirit,オースミ,
2026/01/11,,4歳上1勝クラス,中山,芝1600m,クライスレリアーナ,サートゥルナーリア,シユーマ,Medicean,サンデーレーシング,
2026/01/11,,4歳上2勝クラス,京都,ダ1400m,ラファル,ドレフォン,アグネスリース,フレンチデピュティ,カナヤマホールディングス,
2026/01/11,OP,ポルックスステークス,中山,ダ1800m,カゼノランナー,キズナ,ヴァイセフラウ,キングカメハメハ,前田　幸大,
2026/01/11,,新春ステークス（4歳以上3勝クラス）,京都,芝1600m,ベラジオボンド,ロードカナロア,ダンサーデスティネイション,Dubai Destination,ベラジオレーシング,
2026/01/12,,3歳1勝クラス,中山,芝1200m,ヒシアイラ,モーリス,ジングルベルロック,Rock of Gibraltar,Ｈｉｓｈｉ　Ｐａｒｔｎｅｒｓ,
2026/01/12,,3歳未勝利,京都,芝1400m,ケールハイム,エピファネイア,ドナウブルー,ディープインパクト,サンデーレーシング,
2026/01/12,,3歳未勝利,中山,芝2000m,サトノマティーニ,エピファネイア,キャッチザカクテル,Catcher In The Rye,里見　治,
2026/01/12,,3歳未勝利,京都,ダ1800m,サヴォアフェール,エピファネイア,ナニアヒアヒ,キングカメハメハ,水上　行雄,
2026/01/12,,4歳上1勝クラス,中山,ダ1800m,フィールオーサム,ルヴァンスレーヴ,フィールザプリティ,ブラックタイド,櫻井　正,
2026/01/12,,4歳上1勝クラス,京都,ダ1400m,メイケイレイン,レイデオロ,ベルライン,ダイワメジャー,名古屋競馬,
2026/01/12,,4歳上1勝クラス,京都,ダ1800m,レディゴディヴァ,ルヴァンスレーヴ,カヒリ,キングカメハメハ,川崎　賢二,
2026/01/12,G3,日刊スポーツ賞シンザン記念,京都,芝1600m,サンダーストラック,ロードカナロア,シーブルック,Hinchinbrook,キャロットファーム,
2026/01/17,,3歳1勝クラス,京都,ダ1800m,トリグラフヒル,ナダル,トリプライト,ワイルドラッシュ,サンデーレーシング,
2026/01/17,,3歳未勝利,中山,ダ1800m,ウリズンベー,ルヴァンスレーヴ,ヌチバナ,キングカメハメハ,Ｇ１レーシング,
2026/01/17,,3歳未勝利,京都,ダ1800m,リアライズグリント,キタサンブラック,マドラスチェック,Malibu Moon,今福　洋介,
2026/01/17,,4歳上1勝クラス,中山,芝2200m,クリフハンガー,ルーラーシップ,リリックドラマ,ステイゴールド,ゴドルフィン,
2026/01/17,,4歳上1勝クラス,京都,ダ1800m,ロカヒ,キズナ,テンモース,Speightstown,前田　幸治,
2026/01/17,,4歳上2勝クラス,京都,芝1600m,カズミクラーシュ,モーリス,シャンボールフィズ,キングカメハメハ,吉田　和美,
2026/01/17,,アレキサンドライトステークス（4歳以上3勝クラス）,中山,ダ1800m,チュウワクリスエス,ルヴァンスレーヴ,チュウワベイビー,サウスヴィグラス,中西　忍,
2026/01/17,,菜の花賞（3歳1勝クラス）,中山,芝1600m,アメティスタ,キタサンブラック,ティアーモ,キングカメハメハ,ロードホースクラブ,
2026/01/18,,3歳新馬,京都,芝2000m,クリスレジーナ,エピファネイア,ファンディーナ,ディープインパクト,ターフ・スポート,
2026/01/18,,3歳未勝利,京都,ダ1800m,アミラル,ルヴァンスレーヴ,ベルキューズ,ヘニーヒューズ,カナヤマホールディングス,
2026/01/18,,4歳上2勝クラス,中山,芝2200m,フィーリウス,キタサンブラック,レーヴドゥラメール,ロードカナロア,落合　幸弘,
2026/01/18,,4歳上2勝クラス,中山,ダ1800m,レディーフランシス,オルフェーヴル,アンブルサイド,ウォーエンブレム,梅澤　明,
2026/01/18,G3,京成杯,中山,芝2000m,グリーンエナジー,スワーヴリチャード,シンバル２,Singspiel,鈴江　崇文,
2026/01/18,,大津特別（4歳以上2勝クラス）,京都,ダ1800m,バッケンレコード,オルフェーヴル,ホウショウアマネ,Unbridled's Song,芳賀　美知子,
2026/01/18,,小倉山特別（4歳以上2勝クラス）,京都,ダ1400m,トゥロン,ナダル,スパイラルステップ,シンボリクリスエス,吉田　勝己,
2026/01/24,,3歳新馬,小倉,芝2000m,ボンドマティーニ,レイデオロ,ラクアミ,ダイワメジャー,窪田　芳郎,
2026/01/24,,3歳未勝利,中山,ダ1800m,スノースコール,クリソベリル,スノーユニバンス,ルーラーシップ,亀井　哲也,
2026/01/24,,3歳未勝利,中山,ダ1200m,ムーンブランシュ,ドレフォン,ミチャチスインテンタ,Paynter,辻子　依旦,
2026/01/24,,4歳上1勝クラス,中山,ダ1800m,キョウエイフロイデ,サトノクラウン,ケイティバローズ,マンハッタンカフェ,田中　晴夫,
2026/01/24,,4歳上1勝クラス,中山,芝1600m,プリムツァール,イスラボニータ,プレミアステップス,Footstepsinthesand,社台レースホース,
2026/01/24,,4歳上1勝クラス,小倉,ダ2400m,ベイラム,サートゥルナーリア,ベイトゥベイ,Sligo Bay,社台レースホース,
2026/01/24,,4歳上1勝クラス,京都,ダ1800m,ワイドクリーガー,サトノクラウン,ピュアアモーレ,マツリダゴッホ,幅田　京子,
2026/01/24,G3,小倉牝馬ステークス,小倉,芝2000m,ジョスラン,エピファネイア,ケイティーズハート,ハーツクライ,吉田　和美,
2026/01/24,,東雲賞（4歳以上2勝クラス）,中山,芝1800m,ドゥカート,レイデオロ,キャットコイン,ステイゴールド,Ｇ１レーシング,
2026/01/25,,3歳新馬,中山,ダ1800m,トーアエレクトラム,オルフェーヴル,ジョーヌダンブル,アグネスデジタル,高山ランド,
2026/01/25,,3歳未勝利,小倉,ダ1700m,ドウカキミニトドケ,ルーラーシップ,ショウナンバビアナ,ディープインパクト,フィールドレーシング,
2026/01/25,,3歳未勝利,小倉,芝2000m,ドッグウッド,レイデオロ,ハナソメイ,タートルボウル,林　瑛子,
2026/01/25,,3歳未勝利,中山,芝1600m,ナイスプレーアスク,アドマイヤマーズ,エンジェルドンキ,ディープインパクト,廣崎利洋ＨＤ,
2026/01/25,,4歳上1勝クラス,小倉,芝1800m,ウインシャーガス,キズナ,ウインアキレア,コンデュイット,ウイン,
2026/01/25,,4歳上1勝クラス,小倉,芝2000m,ヤコブセン,エピファネイア,スマッシュ,キングカメハメハ,坂口　直大,
2026/01/25,,河津桜賞（3歳1勝クラス）,京都,芝1600m,ソルパッサーレ,キズナ,ベアフットレディ,Footstepsinthesand,ＴＮレーシング,
2026/01/25,,響灘特別（4歳以上2勝クラス）,小倉,ダ1700m,アイウィル,ドレフォン,ジュリーハーツ,ハーツクライ,Ｇリビエール・レーシング,
2026/01/31,,3歳1勝クラス,京都,ダ1800m,ソルチェリア,ナダル,フェザーレイ,エルコンドルパサー,奥　雅哉,
2026/01/31,,3歳1勝クラス,東京,ダ1600m,リベッチオ,ルヴァンスレーヴ,スーブレット,ゴールドアリュール,シルクレーシング,
2026/01/31,,3歳未勝利,小倉,芝1200m,カシノリアーナ,サトノクラウン,ミュゼミランダ,ダイワメジャー,柏木　務,
2026/01/31,,3歳未勝利,京都,ダ1400m,ゴディアンフィンチ,シスキン,カラフルデイズ,フジキセキ,Ｇ１レーシング,
2026/01/31,,3歳未勝利,京都,芝1600m,ペイシャシス,シスキン,ペイシャフェリス,スペシャルウィーク,北所　直人,
2026/01/31,,3歳未勝利,東京,芝1600m,リアライズリバティ,シスキン,バルレッタ,エピファネイア,今福　洋介,
2026/01/31,,4歳上1勝クラス,小倉,芝2000m,エンジェルマーク,エピファネイア,ステファニーズキトゥン,Kitten's Joy,ＤＭＭドリームクラブ,
2026/01/31,,4歳上1勝クラス,小倉,ダ1700m,モレポブラーノ,マインドユアビスケッツ,ハラペーニョペパー,ゼンノロブロイ,社台レースホース,
2026/01/31,L,白富士ステークス,東京,芝2000m,ダノンシーマ,キタサンブラック,インクルードベティ,Include,ダノックス,
2026/01/31,,舞鶴ステークス（4歳以上3勝クラス）,京都,ダ1800m,プロミストジーン,ナダル,プロミストリープ,ヘニーヒューズ,シルクレーシング,
2026/01/31,,障害4歳上未勝利,小倉,障2860m,レッドラマンシュ,ロードカナロア,レッドシェリール,ゼンノロブロイ,東京ホースレーシング,
2026/02/01,,3歳新馬,東京,芝1600m,アスクイキゴミ,ロードカナロア,インピード,Bated Breath,廣崎利洋ＨＤ,
2026/02/01,,3歳未勝利,東京,芝1800m,アウダーシア,キズナ,リリーノーブル,ルーラーシップ,サンデーレーシング,
2026/02/01,,3歳未勝利,京都,ダ1900m,アスクチャンスマン,ドレフォン,ベストセラーアスク,キングカメハメハ,廣崎利洋ＨＤ,
2026/02/01,,3歳未勝利,東京,ダ2100m,オルブライト,オルフェーヴル,エナジャイズ,キングカメハメハ,ＹＧＧホースクラブ,
2026/02/01,,3歳未勝利,京都,芝2000m,メイショウテンク,ポエティックフレア,フェルトベルク,ブラックタイド,松本　好隆,
2026/02/01,,4歳上1勝クラス,小倉,芝1800m,クラヴァンス,ロードカナロア,ヴィブロス,ディープインパクト,佐々木　主浩,
2026/02/01,,4歳上1勝クラス,京都,ダ1800m,ドラゴン,マインドユアビスケッツ,ノーブルコロネット,ディープインパクト,キーファーズ,
2026/02/01,,4歳上1勝クラス,京都,ダ1400m,レイワサンサン,スワーヴリチャード,カロンセギュール,Forest Camp,松岡　研司,
2026/02/01,,4歳上2勝クラス,東京,ダ2100m,ジーティーダーリン,サートゥルナーリア,ディアマイダーリン,ハーツクライ,田畑　利彦,
2026/02/01,,4歳上2勝クラス,東京,芝2000m,ログラール,モーリス,ディアデラマドレ,キングカメハメハ,キャロットファーム,
2026/02/01,G3,根岸ステークス,東京,ダ1400m,ロードフォンス,ロードカナロア,オーシュペール,ダイワメジャー,ロードホースクラブ,
2026/02/01,,節分ステークス（4歳以上3勝クラス）,東京,芝1400m,ウイントワイライト,レイデオロ,ダイワベスパー,ダイワメジャー,ウイン,
2026/02/01,,衣笠特別（4歳以上2勝クラス）,京都,ダ1800m,キングブルー,ロードカナロア,ルルパンブルー,ジャングルポケット,ＴＮレーシング,
2026/02/01,,障害4歳上未勝利,小倉,障2860m,グアラニア,マインドユアビスケッツ,ファド,ダイワメジャー,Ｇリビエール・レーシング,
2026/02/07,,3歳1勝クラス,東京,ダ1400m,マジッククッキー,マインドユアビスケッツ,ジョリーアップ,バトルプラン,小田　吉男,
2026/02/07,,3歳未勝利,小倉,ダ1000m,パドゼフィール,ルヴァンスレーヴ,ソロダンサー,ゴールドアリュール,Ｇ１レーシング,
2026/02/07,,3歳未勝利,東京,ダ1600m,フクシマブリルハム,ドレフォン,オモテナシ２,Henrythenavigator,西本　資史,
2026/02/07,,4歳上1勝クラス,京都,芝2400m,ファーングロット,キズナ,カウアイレーン,キングカメハメハ,社台レースホース,
2026/02/07,,4歳上1勝クラス,京都,ダ1200m,モカラマーズ,アドマイヤマーズ,オアシスクイーン,シニスターミニスター,村上　憲政,
2026/02/07,OP,アルデバランステークス,京都,ダ1900m,ゼットリアン,モーリス,ネオシルヴィア,ネオユニヴァース,フォーレスト,
2026/02/07,,豊前ステークス（4歳以上3勝クラス）,小倉,ダ1700m,カペルブリュッケ,ドレフォン,エリンズロマーネ,ノヴェリスト,社台レースホース,
2026/02/08,,3歳新馬,小倉,芝2000m,アンジュドジョワ,キタサンブラック,ピースエンジェル,Dark Angel,社台レースホース,
2026/02/08,,3歳未勝利,小倉,芝1800m,ムスクレスト,コントレイル,ノイーヴァ,Temple City,前田　葉子,
2026/02/08,,4歳上1勝クラス,小倉,芝1200m,ヤマニンレセディ,エピファネイア,ヤマニンアンプリメ,シニスターミニスター,土井　肇,
2026/02/08,,由布院特別（4歳以上2勝クラス）,小倉,ダ1700m,パフ,レイデオロ,アンジュエ,アグネスタキオン,ノースヒルズ,
2026/02/10,,3歳新馬,東京,芝1600m,マウンテンバローズ,キタサンブラック,ターフウォー,War Front,猪熊　広次,
2026/02/10,,3歳未勝利,京都,芝2400m,パウンドフォーワン,コントレイル,マダムクレアシオン,Invincible Spirit,ラ・メール,
2026/02/10,,3歳未勝利,京都,ダ1400m,リピ,ロードカナロア,イースターアイランド,Giant's Causeway,中辻　明,
2026/02/10,,3歳未勝利,東京,芝2400m,レイヒストリコ,レイデオロ,ヒストリックレディ,ネオユニヴァース,シルクレーシング,
2026/02/10,,3歳未勝利,京都,ダ1800m,ワンダフルデイズ,ルーラーシップ,シーオブラブ,ディープインパクト,三田　昌宏,
2026/02/10,,4歳上1勝クラス,京都,ダ1800m,サンコンクエスト,サートゥルナーリア,ビッグワールド,Custom for Carlos,中平　和宏,
2026/02/10,,4歳上1勝クラス,京都,ダ1800m,ルクスフレンジー,モーリス,サトノアイリ,ステイゴールド,ルクス,
2026/02/10,G3,きさらぎ賞,京都,芝1800m,ゾロアストロ,モーリス,アルミレーナ,ディープインパクト,サンデーレーシング,
2026/02/10,,ゆりかもめ賞（3歳1勝クラス）,東京,芝2400m,スカイスプレンダー,サートゥルナーリア,メジロスプレンダー,シンボリクリスエス,シルクレーシング,
2026/02/10,,初音ステークス（4歳以上3勝クラス）,東京,芝1800m,テリオスララ,シスキン,シャンドランジュ,マンハッタンカフェ,鈴木　美江子,
2026/02/10,G3,東京新聞杯,東京,芝1600m,トロヴァトーレ,レイデオロ,シャルマント,エンパイアメーカー,サンデーレーシング,
2026/02/10,,石清水ステークス（4歳以上3勝クラス）,京都,芝1600m,ミニトランザット,エピファネイア,イチオクノホシ,ゼンノロブロイ,谷掛　龍夫,
2026/02/14,,3歳新馬,京都,ダ1800m,リアンドゥクール,キズナ,ストリートバンド,Istan,岩崎　伸道,
2026/02/14,,3歳未勝利,東京,芝1800m,ダーリングハースト,エピファネイア,フォエヴァーダーリング,Congrats,サンデーレーシング,
2026/02/14,,3歳未勝利,小倉,芝2000m,ノンブルドール,レイデオロ,オーロトラジェ,オルフェーヴル,キャロットファーム,
2026/02/14,,3歳未勝利,京都,芝1800m,ブラックシャリマー,キタサンブラック,フォークレジェンド,Tapizar,ＫＲジャパン,
2026/02/14,,3歳未勝利,小倉,ダ1700m,ペンダント,オルフェーヴル,スパイラルステップ,シンボリクリスエス,石川　達絵,
2026/02/14,,3歳未勝利,東京,ダ1600m,リアライズタキオン,ルヴァンスレーヴ,タイムハンドラー,ディープブリランテ,今福　洋介,
2026/02/14,,4歳上1勝クラス,東京,芝1600m,エルマーゴ,サートゥルナーリア,ホーリーウーマン,Tawqeet,長谷川　祐司,
2026/02/14,,4歳上2勝クラス,京都,ダ1900m,ロカヒ,キズナ,テンモース,Speightstown,前田　幸治,
2026/02/14,G3,デイリー杯クイーンカップ,東京,芝1600m,ドリームコア,キズナ,ノームコア,ハービンジャー,吉田　勝己,
2026/02/15,,3歳1勝クラス,東京,ダ1600m,ロンギングフォユー,ナダル,クールデザイン,ディープインパクト,坂本　浩一,
2026/02/15,,3歳新馬,京都,ダ1200m,ハノハノ,モーリス,エリモハルカ,ナリタトップロード,ニッシンホールディングス,
2026/02/15,,3歳未勝利,京都,ダ1800m,ガウラディスコ,クリソベリル,ガウラミディ,フリオーソ,村上　憲政,
2026/02/15,,3歳未勝利,東京,ダ1300m,ジャックナダル,ナダル,ブロッサムレーン,New Approach,辻　高史,
2026/02/15,,3歳未勝利,京都,芝2000m,ピカキウイ,エピファネイア,ゴーマギーゴー,Ghostzapper,藤田　晋,
2026/02/15,,4歳上1勝クラス,東京,芝2400m,ティムール,キズナ,ホワイトローズ２,Tapit,前田　幸治,
2026/02/15,,4歳上1勝クラス,小倉,ダ1700m,マーウォルス,アドマイヤマーズ,ウェイクミーアップ,Rock of Gibraltar,サンデーレーシング,
2026/02/15,,4歳上2勝クラス,東京,芝1600m,エフォートレス,エピファネイア,ブライトガーランド,ダイワメジャー,ライオンレースホース,
2026/02/15,G2,京都記念,京都,芝2200m,ジューンテイク,キズナ,アドマイヤサブリナ,シンボリクリスエス,吉川　潤,
2026/02/15,G3,共同通信杯,東京,芝1800m,リアライズシリウス,ポエティックフレア,レッドミラベル,ステイゴールド,今福　洋介,
2026/02/15,OP,北九州短距離ステークス,小倉,芝1200m,ジョーメッドヴィン,ドレフォン,ジョーアラマート,キングヘイロー,上田　江吏子,
2026/02/15,,太宰府特別（4歳以上2勝クラス）,小倉,芝2000m,マトラコーニッシュ,サートゥルナーリア,エアマスカット,ジャングルポケット,社台レースホース,
2026/02/21,,3歳未勝利,阪神,ダ1200m,コマチチャン,キズナ,シュウギン,スウェプトオーヴァーボード,盛　学志,
2026/02/21,,3歳未勝利,阪神,芝2400m,サガルマータ,コントレイル,コンヴィクション２,City Banker,前田　幸治,
2026/02/21,,3歳未勝利,小倉,ダ1700m,ジャイアンバローズ,クリソベリル,サトノアイビス,Bodemeister,猪熊　広次,
2026/02/21,,3歳未勝利,東京,ダ1400m,スーパーガール,ドレフォン,パワースポット,スズカマンボ,是枝　浩平,
2026/02/21,,3歳未勝利,阪神,ダ1800m,チェリヴェント,コントレイル,クリアリーコンフューズド,Successful Appeal,中村　忠彦,
2026/02/21,,3歳未勝利,東京,芝1600m,マツリダイコ,キタサンブラック,サラフィナ,Refuse To Bend,吉田　千津,
2026/02/21,,3歳未勝利,小倉,芝1800m,レッドラージャ,コントレイル,ボインビューティー,Giant's Causeway,東京ホースレーシング,
2026/02/21,,4歳上1勝クラス,東京,ダ1600m,ルヴァレドクール,ルヴァンスレーヴ,アルマユディト,ヨハネスブルグ,吉田　晴哉,
2026/02/21,,4歳上2勝クラス,東京,芝1800m,マイネルトルファン,オルフェーヴル,マイネテレジア,ロージズインメイ,サラブレッドクラブ・ラフィアン,
2026/02/21,,あざみ賞（3歳1勝クラス）,小倉,芝1200m,アンジュプロミス,ドレフォン,サンビスタ,スズカマンボ,竹下　浩一,
2026/02/21,G3,ダイヤモンドステークス,東京,芝3400m,スティンガーグラス,キズナ,ライフフォーセール,Not For Sale,エムズレーシング,
2026/02/21,,金蹄ステークス（4歳以上3勝クラス）,東京,ダ2100m,レッドプロフェシー,ルーラーシップ,トリニティプレイス,マンハッタンカフェ,東京ホースレーシング,
2026/02/21,,鳴門ステークス（4歳以上3勝クラス）,阪神,ダ1400m,ベルジュロネット,ロードカナロア,ベルカント,サクラバクシンオー,前田　晋二,
2026/02/22,,3歳1勝クラス,東京,芝1600m,ゴーラッキー,キタサンブラック,ジェットセッティング,Fast Company,吉田　和美,
2026/02/22,,3歳新馬,阪神,ダ1400m,ゼンカイナダル,ナダル,エイコオウイング,アフリート,木村　直樹,
2026/02/22,,3歳未勝利,東京,ダ2100m,バスキュール,ナダル,レティキュール,ハーツクライ,サンデーレーシング,
2026/02/22,,3歳未勝利,阪神,芝2000m,ロングトールサリー,キタサンブラック,グローバルビューティ,Global Hunter,エムズレーシング,
2026/02/22,,4歳上1勝クラス,東京,芝1800m,シャンソンドール,レイデオロ,ベルディーヴァ,ダイワメジャー,キャロットファーム,
2026/02/22,,4歳上1勝クラス,阪神,芝2400m,ファームツエンティ,キズナ,ダノンエレガント,ブライアンズタイム,ウエストヒルズ,
2026/02/22,,4歳上2勝クラス,東京,ダ2100m,アカデミア,キズナ,ロクセラーナ,キングカメハメハ,近藤　英子,
2026/02/22,,ジャパンカップ２０２５年ロンジンワールドベストレース受賞記念（4歳以上3勝クラス）,東京,芝2000m,サクラファレル,サートゥルナーリア,サクラレーヌ,シンボリクリスエス,さくらコマース,
2026/02/22,G1,フェブラリーステークス,東京,ダ1600m,コスタノヴァ,ロードカナロア,カラフルブラッサム,ハーツクライ,吉田　勝己,
2026/02/22,OP,令月ステークス,阪神,ダ1200m,コンクイスタ,ロードカナロア,ドリームオブジェニー,Pivotal,ターフ・スポート,
2026/02/22,,和布刈特別（4歳以上2勝クラス）,小倉,ダ1700m,タイセイミッション,キタサンブラック,パクスアジアーナ,ノヴェリスト,田中　成奉,
2026/02/22,,大島特別（4歳以上2勝クラス）,東京,ダ1400m,アスクアイルビゼア,キズナ,キョウエイカルラ,アフリート,廣崎利洋ＨＤ,
2026/02/22,,戎橋ステークス（4歳以上3勝クラス）,阪神,芝1400m,アイサンサン,キズナ,ウアジェト,シンボリクリスエス,岡　浩二,
2026/02/28,,4歳上1勝クラス,中山,ダ1800m,グロスビーク,シスキン,アドマイヤセプター,キングカメハメハ,キャロットファーム,
2026/02/28,,4歳上1勝クラス,小倉,芝2000m,マテンロウシルビア,ルーラーシップ,パーシーズベスト,ディープインパクト,寺田　千代乃,
2026/02/28,,4歳上2勝クラス,中山,ダ1800m,メリークリスマス,ルヴァンスレーヴ,ローゼクヴァルツ,スペシャルウィーク,保坂　和孝,
2026/02/28,L,仁川ステークス,阪神,ダ2000m,ジューンアヲニヨシ,キズナ,オールブランニュー,ノボジャック,吉川　潤,
2026/03/01,,3歳1勝クラス,阪神,芝2000m,コンジェスタス,コントレイル,キラモサ,Alamosa,シルクレーシング,
2026/03/01,,3歳1勝クラス,中山,ダ1800m,チャーリー,クリソベリル,ジャンナスキッキ,War Front,嶋田　一成,
2026/03/01,,3歳1勝クラス,中山,芝1600m,ロデオドライブ,サートゥルナーリア,ビバリーヒルズ,スニッツェル,吉田　勝己,
2026/03/01,,3歳未勝利,阪神,ダ2000m,シャローファースト,クリソベリル,ミセスワタナベ,Tapizar,ＳＡレーシング,
2026/03/01,,3歳未勝利,阪神,芝2000m,ショウナンバンライ,オルフェーヴル,シュガーショック,Candy Ride,国本　哲秀,
2026/03/01,,4歳上1勝クラス,小倉,ダ1700m,ヴァリオーサ,エピファネイア,ディヴィナプレシオーサ,Crocker Road,Ｇ１レーシング,
2026/03/01,,4歳上1勝クラス,小倉,芝1200m,ヴィヴァクラウン,サトノクラウン,セトノフラッパー,タイキシャトル,西村　有人,
2026/03/01,,西日本新聞杯（4歳以上2勝クラス）,小倉,芝1200m,モーデン,モーリス,マートンパーク,フレンチデピュティ,ＹＧＧホースクラブ,
2026/03/07,,3歳未勝利,中山,芝2000m,サムシングスイート,サートゥルナーリア,サムシングジャスト,ヴィクトワールピサ,グリーンファーム,
2026/03/07,,3歳未勝利,阪神,ダ1800m,ストラーダ,ルヴァンスレーヴ,スイートジュエリー,キングカメハメハ,スリーエイチレーシング,
2026/03/07,,なにわステークス（4歳以上3勝クラス）,阪神,ダ1200m,ショウナンアビアス,ドレフォン,ショウナンカサロ,キングカメハメハ,国本　哲秀,
2026/03/07,,上総ステークス（4歳以上3勝クラス）,中山,ダ1800m,マーズオデッセイ,アドマイヤマーズ,クイックリトルミス,Freud,Ｇ１レーシング,
2026/03/07,G2,報知杯フィリーズレビュー,阪神,芝1400m,ギリーズボール,エピファネイア,フロアクラフト,フジキセキ,キャロットファーム,
2026/03/08,,3歳1勝クラス,中山,芝1600m,ディールメーカー,イスラボニータ,アームズレングス,ホワイトマズル,諸江　幸祐,
2026/03/08,,3歳1勝クラス,阪神,ダ1800m,ペンダント,オルフェーヴル,スパイラルステップ,シンボリクリスエス,石川　達絵,
2026/03/08,,3歳未勝利,中山,芝1800m,ラベルセーヌ,キズナ,ラフォルス,Power,サンデーレーシング,
2026/03/08,,4歳上1勝クラス,阪神,芝2000m,アスクコモンタレヴ,キズナ,ベストセラーアスク,キングカメハメハ,廣崎　利洋,
2026/03/08,,4歳上2勝クラス,中山,芝1200m,ポッドロワール,レイデオロ,レディヴァルール,Multiplex,小川　眞査雄,
2026/03/08,,4歳上2勝クラス,阪神,ダ1800m,ルクスフレンジー,モーリス,サトノアイリ,ステイゴールド,ルクス,
2026/03/08,,アルメリア賞（3歳1勝クラス）,阪神,芝1800m,カフジエメンタール,ポエティックフレア,パンデリング,キングカメハメハ,加藤　千豊,
2026/03/08,G2,報知杯弥生賞ディープインパクト記念,中山,芝2000m,バステール,キタサンブラック,マンビア,Aldebaran,シルクレーシング,
2026/03/08,,湾岸ステークス（4歳以上3勝クラス）,中山,芝2500m,マイユニバース,レイデオロ,チャーチクワイア,ネオユニヴァース,寺田　寿男,
2026/03/08,,障害4歳上未勝利,中山,障2880m,バルサムノート,モーリス,エピセアローム,ダイワメジャー,吉田　勝己,
2026/03/14,,3歳未勝利,中京,ダ1900m,アビラーシャ,アドマイヤマーズ,サンカルパ２,True Cause,インゼルレーシング,
2026/03/14,,3歳未勝利,中山,ダ1800m,エイシンニラク,サトノクラウン,エイシンヘケト,エイシンアポロン,栄進堂,
2026/03/14,,3歳未勝利,阪神,芝1800m,エンネ,キズナ,ルパン２,Medaglia d'Oro,谷川牧場,
2026/03/14,,3歳未勝利,阪神,ダ1800m,ゲタリア,クリソベリル,リップスポイズン,Mamool,モンレーヴ,
2026/03/14,,3歳未勝利,中山,芝1600m,ホウオウギンガ,モーリス,ホウオウヒミコ,ロードカナロア,小笹　芳央,
2026/03/14,,3歳未勝利,中京,芝2000m,ミッキージャンプ,サートゥルナーリア,オンディナドバイ,E Dubai,野田　みづき,
2026/03/14,,3歳未勝利,中山,ダ1200m,ミルトハーバー,レイデオロ,レジーナフォルテ,アルデバラン２,永山　勝敏,
2026/03/14,,3歳未勝利,中京,芝1600m,ルージュリリック,ポエティックフレア,ベアトリッツ,ディープインパクト,東京ホースレーシング,
2026/03/14,,4歳上1勝クラス,中京,芝1400m,カウンティフェア,サートゥルナーリア,カウントオンイット,クロフネ,飯田　正剛,
2026/03/14,,4歳上1勝クラス,阪神,ダ1400m,コーラルクラウン,サートゥルナーリア,モルジアナ,Dubawi,シルクレーシング,
2026/03/14,,4歳上1勝クラス,阪神,ダ1800m,フランキーバローズ,オルフェーヴル,シークレットアセット,Awesome Again,猪熊　広次,
2026/03/14,L,コーラルステークス,阪神,ダ1400m,ジャスティンアース,キズナ,ユーヴェットシー,Bodemeister,三木　正浩,
2026/03/14,,房総特別（4歳以上2勝クラス）,中山,芝2000m,テンミラクルスター,エピファネイア,ミスパッション,ディープブリランテ,天白　泰司,
2026/03/14,,難波ステークス（4歳以上3勝クラス）,阪神,芝1800m,ジーティーアダマン,ルーラーシップ,カウニスクッカ,マンハッタンカフェ,田畑　利彦,
2026/03/15,,3歳1勝クラス,阪神,芝1600m,シーミハットク,オルフェーヴル,ブルーミンバー,ファルブラヴ,諸江　幸祐,
2026/03/15,,3歳未勝利,中京,ダ1800m,オオツカ,キタサンブラック,ブルーダイヤ,モーリス,中辻　明,
2026/03/15,,3歳未勝利,中山,ダ1800m,タケルムサシ,ルヴァンスレーヴ,ヒシアルコル,ダイワメジャー,森　保彦,
2026/03/15,,3歳未勝利,中山,芝2000m,ダノンファンスター,キズナ,ファンスター,Adelaide,ダノックス,
2026/03/15,,3歳未勝利,中山,ダ1200m,ブーケドリス,ロードカナロア,トワイライトライフ,ゴールドアリュール,Ｇ１レーシング,
2026/03/15,,4歳上1勝クラス,阪神,芝1600m,メイショウアボット,ドレフォン,メイショウアステカ,ルーラーシップ,松本　好隆,
2026/03/15,,4歳上2勝クラス,阪神,ダ1400m,スニーカースキル,キズナ,ストリートバンド,Istan,藤田　晋,
2026/03/15,G2,フジテレビ賞スプリングステークス,中山,芝1800m,アウダーシア,キズナ,リリーノーブル,ルーラーシップ,サンデーレーシング,
2026/03/15,L,東風ステークス,中山,芝1600m,ヴァルキリーバース,エピファネイア,グロリアーナ,ハーツクライ,サンデーレーシング,
2026/03/15,,甲南ステークス（4歳以上3勝クラス）,阪神,ダ1800m,テスティモーネ,ドレフォン,ワイズアンサー,サウスヴィグラス,宮川　純造,
2026/03/21,,3歳1勝クラス,中山,芝1600m,スペルーチェ,レイデオロ,レーヴディソール,アグネスタキオン,窪田　芳郎,
2026/03/21,,3歳未勝利,中京,芝2000m,エイシンウィスパー,ルーラーシップ,エイシンカラット,Tale of Ekati,栄進堂,
2026/03/21,,3歳未勝利,中山,芝2200m,エーデルゼーレ,コントレイル,カラライナ,Curlin,社台レースホース,
2026/03/21,,3歳未勝利,中京,ダ1900m,セルジュバローズ,サートゥルナーリア,ホワットアスポット,Arch,猪熊　広次,
2026/03/21,,3歳未勝利,中山,ダ1200m,マルターズドン,ドレフォン,マルターズディオサ,キズナ,藤田　在子,
2026/03/21,,3歳未勝利,中京,芝2000m,レイクラシック,キタサンブラック,メジロジェニファー,ホワイトマズル,長谷川　守正,
2026/03/21,,4歳上1勝クラス,阪神,ダ1800m,アロマフェリス,レイデオロ,アロマドゥルセ,ディープインパクト,キャロットファーム,
2026/03/21,,4歳上1勝クラス,中山,ダ1200m,ショウナンラリー,ナダル,ショウナンライム,ハーツクライ,湘南,
2026/03/21,,4歳上2勝クラス,阪神,ダ1800m,ドラゴン,マインドユアビスケッツ,ノーブルコロネット,ディープインパクト,キーファーズ,
2026/03/21,G3,フラワーカップ,中山,芝1800m,スマートプリエール,エピファネイア,スマートレイアー,ディープインパクト,大川　徹,
2026/03/21,L,若葉ステークス,阪神,芝2000m,マテンロウゲイル,エピファネイア,デザートライド,Candy Ride,寺田　千代乃,
2026/03/21,,韓国馬事会杯（4歳以上3勝クラス）,中山,ダ1800m,ルージュアベリア,キズナ,シアードラマ,Burning Roma,東京ホースレーシング,
2026/03/22,,3歳未勝利,中山,ダ1800m,イーグルロック,ナダル,カービングパス,ハービンジャー,サンデーレーシング,
2026/03/22,,3歳未勝利,阪神,ダ1400m,シオンダンサー,ナダル,プリンセスノンコ,Orb,前迫　義幸,
2026/03/22,,3歳未勝利,中京,ダ1800m,セレーノ,モーリス,アングルティール,ディープインパクト,ノースヒルズ,
2026/03/22,,4歳上1勝クラス,中京,芝2000m,サラスヴァティー,レイデオロ,リラヴァティ,ゼンノロブロイ,キャロットファーム,
2026/03/22,,4歳上2勝クラス,阪神,ダ1400m,ゲイルライダー,ドレフォン,プライムチョイス,ロードカナロア,前原　敏行,
2026/03/22,,スピカステークス（4歳以上3勝クラス）,中山,芝1800m,フィーリウス,キタサンブラック,レーヴドゥラメール,ロードカナロア,落合　幸弘,
2026/03/22,G3,愛知杯,中京,芝1400m,アイサンサン,キズナ,ウアジェト,シンボリクリスエス,岡　浩二,
2026/03/22,,障害4歳上未勝利,中山,障2880m,モズバンディット,ドレフォン,アマルティア,アドマイヤムーン,北側　雅司,
2026/03/28,,3歳未勝利,阪神,ダ1200m,ゴールドヴィーナス,ドレフォン,グラニーズチップス,ハーツクライ,ゴールドレーシング,
2026/03/28,,3歳未勝利,中京,芝2200m,マイバレンタイン,キズナ,キトゥンズクイーン,Kitten's Joy,ノースヒルズ,
2026/03/28,,3歳未勝利,中京,芝1600m,ラプランセス,エピファネイア,レジーナドーロ,キングカメハメハ,Ｇ１レーシング,
2026/03/28,,3歳未勝利,阪神,芝1600m,ラヴリーティアラ,サトノクラウン,ラヴアンドドラゴン,ディープインパクト,窪田　芳郎,
2026/03/28,,3歳未勝利,阪神,ダ1800m,レイサンソク,シスキン,ミラグロッサ,フジキセキ,岡　浩二,
2026/03/28,,3歳未勝利,阪神,ダ1200m,レッドレベンディス,クリソベリル,レッドシャーロット,ロードカナロア,東京ホースレーシング,
2026/03/28,,3歳未勝利,阪神,ダ1800m,ロードアマルフィ,ルヴァンスレーヴ,アルセナーレ,クロフネ,ロードホースクラブ,
2026/03/28,,4歳上1勝クラス,中山,ダ1800m,タマモカンパネラ,ナダル,タマモボレロ,ハーツクライ,タマモ,
2026/03/28,,4歳上1勝クラス,中京,芝2000m,ダノンカゼルタ,サートゥルナーリア,カゼルタ,ハービンジャー,ダノックス,
2026/03/28,,4歳上2勝クラス,中山,ダ1800m,サムシャイン,ルヴァンスレーヴ,ハルマッタン,マンハッタンカフェ,伊藤　和宏,
2026/03/28,,ターフオーソリティーオブインディア賞（4歳以上2勝クラス）,中京,芝2200m,ディーガレジェンド,モーリス,ジプシーハイウェイ,High Chaparral,東豊物産,
2026/03/28,,マレーシアカップ（4歳以上3勝クラス）,中京,芝1600m,ルージュソリテール,ロードカナロア,レッドオルガ,ディープインパクト,東京ホースレーシング,
2026/03/28,,ロイヤルバンコクスポーツクラブ賞（4歳以上1勝クラス）,中京,ダ1900m,ディズレーリ,エピファネイア,レディシビル,Siyouni,社台レースホース,
2026/03/28,,君子蘭賞（3歳1勝クラス）,阪神,芝1800m,アンジュドジョワ,キタサンブラック,ピースエンジェル,Dark Angel,社台レースホース,
2026/03/28,G2,日経賞,中山,芝2500m,マイユニバース,レイデオロ,チャーチクワイア,ネオユニヴァース,寺田　寿男,
2026/03/28,G3,毎日杯,阪神,芝1800m,アルトラムス,イスラボニータ,デジマノハナ,スクリーンヒーロー,社台レースホース,
2026/03/29,,3歳1勝クラス,中山,ダ1200m,コックピットサイト,ドレフォン,ベラポーサ,Tapit,山田　弘,
2026/03/29,,3歳未勝利,中京,芝2000m,エンジョイドアスク,エピファネイア,マキシマムドパリ,キングカメハメハ,廣崎利洋ＨＤ,
2026/03/29,,3歳未勝利,中山,ダ1800m,クイーンズホリデー,オルフェーヴル,タイキオードリー,キングカメハメハ,鈴木　剛史,
2026/03/29,,3歳未勝利,中山,ダ1800m,ジェネラスキング,ルーラーシップ,ピュリティゴールド,ゴールドアリュール,Ｇ１レーシング,
2026/03/29,,3歳未勝利,阪神,ダ2000m,ミスターエメラルド,ドレフォン,エイシンシラユキ,クロフネ,ＫＨレーシング,
2026/03/29,,4歳上1勝クラス,中京,芝1600m,アンダーザライト,サートゥルナーリア,オリエンタルリリー,ダイワメジャー,大塚　亮一,
2026/03/29,L,六甲ステークス,阪神,芝1600m,ベラジオボンド,ロードカナロア,ダンサーデスティネイション,Dubai Destination,ベラジオレーシング,
2026/03/29,,四国新聞杯（4歳以上2勝クラス）,阪神,芝2000m,エコテーラー,スワーヴリチャード,ジョウノカーラ,Dylan Thomas,中西　浩一,
2026/03/29,,御堂筋ステークス（4歳以上3勝クラス）,阪神,芝2400m,ギャンブルルーム,キズナ,シャンデリアハウス,ヴァーミリアン,サンデーレーシング,
2026/03/29,,鈴鹿特別（4歳以上2勝クラス）,中京,ダ1400m,コーラルクラウン,サートゥルナーリア,モルジアナ,Dubawi,シルクレーシング,
2026/03/29,G1,高松宮記念,中京,芝1200m,サトノレーヴ,ロードカナロア,チリエージェ,サクラバクシンオー,里見　治,
2026/04/04,,3歳未勝利,中山,ダ1200m,カンレイスター,シスキン,ナスノカツラ,ヴィクトワールピサ,那須野牧場,
2026/04/04,G3,チャーチルダウンズカップ,阪神,芝1600m,アスクイキゴミ,ロードカナロア,インピード,Bated Breath,廣崎利洋ＨＤ,
2026/04/05,,3歳1勝クラス,阪神,ダ1800m,シルバーレシオ,ルヴァンスレーヴ,シルバーポジー,クロフネ,サンデーレーシング,
2026/04/05,,3歳1勝クラス,中山,ダ1800m,テンカムテキ,ナダル,スズカグラーテ,サウスヴィグラス,ヒダカ・ブリーダーズ・ユニオン,
2026/04/05,,3歳未勝利,中山,ダ1800m,ミスターキャンベラ,クリソベリル,ミトス,エンパイアメーカー,ライフエンタープライズ,
2026/04/05,,4歳上2勝クラス,阪神,ダ1800m,マテンロウブレイブ,ナダル,プリモンディアル,ディープインパクト,寺田　千代乃,
2026/04/05,,4歳上2勝クラス,阪神,芝1800m,モアリジット,ロードカナロア,インフレキシビリティ,Scat Daddy,社台レースホース,
2026/04/05,,アリエスステークス（4歳以上3勝クラス）,中山,ダ1800m,メリークリスマス,ルヴァンスレーヴ,ローゼクヴァルツ,スペシャルウィーク,保坂　和孝,
2026/04/05,G1,大阪杯,阪神,芝2000m,クロワデュノール,キタサンブラック,ライジングクロス,Cape Cross,サンデーレーシング,
2026/04/11,,3歳1勝クラス,阪神,ダ1800m,チュウワカーネギー,モーリス,デックドアウト,Street Boss,中西　忍,
2026/04/11,,3歳未勝利,阪神,ダ1800m,イルカンダ,クリソベリル,エルクイーン,Tiznow,土田　重実,
2026/04/11,,3歳未勝利,阪神,ダ1800m,ジュンドラドラ,モーリス,アンセラン,ドゥラメンテ,河合　純二,
2026/04/11,,4歳上1勝クラス,福島,ダ1150m,ヒラボクカレラ,モーリス,ヒラボクロマンス,アグネスデジタル,平田牧場,
2026/04/11,,4歳上1勝クラス,福島,芝1200m,ライツユーアップ,スワーヴリチャード,チェアユーアップ,エアジハード,ノルマンディーサラブレッドレーシング,
2026/04/11,G2,サンケイスポーツ杯阪神牝馬ステークス,阪神,芝1600m,エンブロイダリー,アドマイヤマーズ,ロッテンマイヤー,クロフネ,シルクレーシング,
2026/04/11,,山藤賞（3歳1勝クラス）,中山,芝2000m,チャリングクロス,キタサンブラック,ライジングクロス,Cape Cross,サンデーレーシング,
2026/04/11,,明石特別（4歳以上2勝クラス）,阪神,芝2400m,ファームツエンティ,キズナ,ダノンエレガント,ブライアンズタイム,ウエストヒルズ,
2026/04/12,,3歳未勝利,福島,ダ1700m,エアトベーレ,レイデオロ,マウレア,ディープインパクト,落合　幸弘,
2026/04/12,,3歳未勝利,福島,芝1200m,ツルノマイハシ,モーリス,ブリッツアウェイ,ディープインパクト,小林　善一,
2026/04/12,,4歳上1勝クラス,阪神,ダ1800m,ソニックステップ,ドレフォン,ステップオブダンス,ゴールドアリュール,シルクレーシング,
2026/04/12,,4歳上1勝クラス,中山,芝1600m,ブラックジェダイト,キタサンブラック,ウェルアウェイ,Monsun,ＹＧＧホースクラブ,
2026/04/12,,4歳上1勝クラス,福島,ダ1700m,レイザリオ,アドマイヤマーズ,テルアケリー,Tapit,ケイズジャパン,
2026/04/12,,4歳上1勝クラス,中山,ダ1200m,ヴィンブルレー,ナダル,グリューヴァイン,ゴールドアリュール,キャロットファーム,
2026/04/12,,4歳上2勝クラス,阪神,芝1600m,ジャサルディア,キズナ,ミスエルテ,Frankel,サンデーレーシング,
2026/04/12,L,忘れな草賞,阪神,芝2000m,ジュウリョクピエロ,オルフェーヴル,ハッピーヴァリュー,ゼンノロブロイ,近藤　健介,
2026/04/12,G1,桜花賞,阪神,芝1600m,スターアニス,ドレフォン,エピセアローム,ダイワメジャー,吉田　勝己,
2026/04/18,,3歳1勝クラス,中山,芝1800m,ルージュボヤージュ,コントレイル,クイーンズアドヴァイス,Orpen,東京ホースレーシング,
2026/04/18,,3歳未勝利,阪神,ダ1800m,アグレイビューティ,コントレイル,アレイヴィングビューティ,Mastercraftsman,Ｇ１レーシング,
2026/04/18,,3歳未勝利,中山,ダ1200m,クアロアランチ,ドレフォン,タンタラス,キングカメハメハ,サンデーレーシング,
2026/04/18,,3歳未勝利,阪神,芝1800m,ダノンテムズ,ダノンキングリー,ショウリュウムーン,キングカメハメハ,ダノックス,
2026/04/18,,3歳未勝利,阪神,ダ2000m,フィサブロス,レイデオロ,アンジュエ,アグネスタキオン,ノースヒルズ,
2026/04/18,,4歳上1勝クラス,阪神,芝1600m,エーデルヴェーグ,サートゥルナーリア,インナーアージ,ディープインパクト,サンデーレーシング,
2026/04/18,,4歳上1勝クラス,中山,ダ2400m,コズミックダンサー,アドマイヤマーズ,ギエム,Medaglia d'Oro,シルクレーシング,
2026/04/18,,吹田特別（4歳以上2勝クラス）,阪神,ダ1400m,メイケイレイン,レイデオロ,ベルライン,ダイワメジャー,名古屋競馬,
2026/04/18,,桑折特別（4歳以上1勝クラス）,福島,芝2000m,フィオレストラーダ,エピファネイア,キャトルフィーユ,ディープインパクト,ロードホースクラブ,
2026/04/19,,3歳未勝利,中山,芝2000m,ウェイクフィールド,キズナ,ハーレムライン,マンハッタンカフェ,社台レースホース,
2026/04/19,,3歳未勝利,中山,ダ1200m,ソニックブレイカー,モーリス,バートラムガーデン,サクラバクシンオー,ＣＨＥＶＡＬ　ＡＴＴＡＣＨＥ,
2026/04/19,,3歳未勝利,阪神,ダ1800m,マーゴットバディ,レイデオロ,コンシダレイト,Dansili,前田　良平,
2026/04/19,,4歳上1勝クラス,福島,芝2000m,ホウオウタイタン,キズナ,レネーズタイタン,Bernstein,小笹　芳央,
2026/04/19,,4歳上1勝クラス,阪神,ダ1800m,レヴァンテシチー,ルヴァンスレーヴ,ビヴァレッジクイーン,Indygo Shiner,友駿ホースクラブ,
2026/04/25,,3歳未勝利,東京,ダ2100m,アイアムジャイアン,キズナ,クードメイトル,ヴィクトワールピサ,ワイズマン,
2026/04/25,,3歳未勝利,京都,芝2200m,フウセン,コントレイル,フリートバーティー,Afleet Alex,ＦＡレーシング,
2026/04/25,,3歳未勝利,福島,芝2000m,ミエノストロング,シスキン,リセエンヌ,ディープインパクト,里見　美惠子,
2026/04/25,,3歳未勝利,東京,芝1400m,リラ,キズナ,マジックファウンテン,War Front,前田　幸大,
2026/04/25,,4歳上1勝クラス,福島,芝1200m,カーヌスティ,ロードカナロア,ヤマカツマリリン,グラスワンダー,嶋田　一成,
2026/04/25,G2,テレビ東京杯青葉賞,東京,芝2400m,ゴーイントゥスカイ,コントレイル,ゴーイントゥザウィンドウ,Tapit,フィールドレーシング,
2026/04/26,,3歳未勝利,東京,芝2400m,イブキ,レイデオロ,ブリッジクライム,ゼンノロブロイ,Ｇリビエール・レーシング,
2026/04/26,,3歳未勝利,京都,芝2000m,ロングホリデー,キタサンブラック,ストロベリーズ,コマンズ,竹内　真,
2026/04/26,,4歳上1勝クラス,福島,芝2600m,アスクデッドヒート,ルーラーシップ,フェイブルネージュ,ディープインパクト,廣崎利洋ＨＤ,
2026/04/26,,4歳上1勝クラス,東京,ダ1600m,セブンマイスター,ドレフォン,ハピネスダンサー,メイショウサムソン,前迫　義幸,
2026/04/26,,4歳上1勝クラス,福島,芝1200m,マキシマムドライブ,ロードカナロア,ココロノアイ,ステイゴールド,酒井牧場,
2026/04/26,G2,読売マイラーズカップ,京都,芝1600m,アドマイヤズーム,モーリス,ダイワズーム,ハーツクライ,近藤　旬子,
2026/05/02,,3歳1勝クラス,京都,芝1400m,ファムマルキーズ,キタサンブラック,ダイワダッチェス,ワークフォース,吉田　照哉,
2026/05/02,,3歳未勝利,京都,芝1600m,カモメガトンダ,サートゥルナーリア,レーヌジャルダン,ディープインパクト,谷掛　龍夫,
2026/05/02,,3歳未勝利,東京,芝2000m,スワーヴマルス,キタサンブラック,アメージングムーン,アドマイヤムーン,ＮＩＣＫＳ,
2026/05/02,,3歳未勝利,新潟,ダ1800m,ミアルーチェ,ルーラーシップ,アースマリン,マリエンバード,鈴木　正浩,
2026/05/02,,3歳未勝利,京都,芝2000m,ロードスタニング,コントレイル,エンジェルフェイス,キングカメハメハ,ロードホースクラブ,
2026/05/02,,4歳上1勝クラス,東京,ダ1400m,キョウエイスレーヴ,ルヴァンスレーヴ,ロマネクイーン,マイネルラヴ,田中　晴夫,
2026/05/02,,4歳上1勝クラス,京都,ダ1800m,シュドゥン,ルヴァンスレーヴ,ヌチバナ,キングカメハメハ,Ｇ１レーシング,
2026/05/02,,4歳上1勝クラス,東京,芝2000m,ノクターン,キタサンブラック,ラッドルチェンド,Danehill Dancer,シルクレーシング,
2026/05/02,,4歳上1勝クラス,京都,芝1600m,ミッキースターダム,エピファネイア,ベルダム,ディープインパクト,野田　みづき,
2026/05/02,,4歳上1勝クラス,京都,ダ1400m,リアルスター,ナダル,タキオンレディー,クロフネ,水谷　光太郎,
2026/05/02,,4歳上1勝クラス,新潟,ダ1800m,レッドイステル,エピファネイア,ダーヌビウス,キングカメハメハ,東京ホースレーシング,
2026/05/02,,4歳上2勝クラス,東京,ダ1600m,ルヴァレドクール,ルヴァンスレーヴ,アルマユディト,ヨハネスブルグ,吉田　晴哉,
2026/05/02,G3,ユニコーンステークス,京都,ダ1900m,シルバーレシオ,ルヴァンスレーヴ,シルバーポジー,クロフネ,サンデーレーシング,
2026/05/02,G2,京王杯スプリングカップ,東京,芝1400m,ワールズエンド,ロードカナロア,リラヴァティ,ゼンノロブロイ,キャロットファーム,
2026/05/02,,矢車賞（3歳1勝クラス）,京都,芝2200m,トリニティ,サートゥルナーリア,ヌーヴォレコルト,ハーツクライ,原　禮子,
2026/05/02,,障害4歳上未勝利,新潟,障2890m,サトノエピック,キタサンブラック,ランドオーバーシー,Bellamy Road,里見　治,
2026/05/03,,3歳未勝利,東京,芝1800m,オメガディコン,ポエティックフレア,ラグナグ,ハービンジャー,原　禮子,
2026/05/03,,3歳未勝利,京都,芝2400m,マジョレルブルー,コントレイル,ブルーミングアレー,シンボリクリスエス,社台レースホース,
2026/05/03,,3歳未勝利,京都,ダ1900m,メイショウサッソウ,ダノンキングリー,メイショウヨソユキ,シニスターミニスター,松本　好隆,
2026/05/03,,3歳未勝利,東京,芝1600m,モントゥリエ,サートゥルナーリア,モンクール,ディープインパクト,水上　行雄,
2026/05/03,,3歳未勝利,京都,ダ1800m,レザーアンドレース,マインドユアビスケッツ,ガールズバンド,ディープインパクト,吉田　照哉,
2026/05/03,,4歳上1勝クラス,新潟,ダ1200m,タケルハーロック,ナダル,ヒシアルコル,ダイワメジャー,森　保彦,
2026/05/03,,4歳上1勝クラス,新潟,芝1800m,マドモアゼルアスク,エピファネイア,ストレイトガール,フジキセキ,廣崎利洋ＨＤ,
2026/05/03,,4歳上1勝クラス,新潟,芝1400m,メランジェ,スワーヴリチャード,ボシンシェ,Kingmambo,シルクレーシング,
2026/05/03,,4歳上1勝クラス,東京,ダ1600m,レッドベルダンス,レイデオロ,ダンシングラグズ,Union Rags,東京ホースレーシング,
2026/05/03,,4歳上2勝クラス,東京,芝1600m,ダノンエンブレム,エピファネイア,ダノングレース,ディープインパクト,ダノックス,
2026/05/03,L,ブリリアントステークス,東京,ダ2100m,タイトニット,キズナ,アルティメイトラブ,シンボリクリスエス,社台レースホース,
2026/05/03,,六波羅特別（4歳以上2勝クラス）,京都,ダ1800m,レヴァンテシチー,ルヴァンスレーヴ,ビヴァレッジクイーン,Indygo Shiner,友駿ホースクラブ,
2026/05/03,G1,天皇賞（春）,京都,芝3200m,クロワデュノール,キタサンブラック,ライジングクロス,Cape Cross,サンデーレーシング,
2026/05/03,,府中ステークス（4歳以上3勝クラス）,東京,芝2000m,アスクセクシーモア,キタサンブラック,アイムオールレディセクシー,Ready's Image,廣崎利洋ＨＤ,
2026/05/03,,東大路ステークス（4歳以上3勝クラス）,京都,ダ1400m,ハワイアンタイム,ロードカナロア,ザマンダ,コマンズ,吉田　勝利,
2026/05/09,,3歳未勝利,京都,ダ1800m,ココロヅヨサ,コントレイル,ユーヴェットシー,Bodemeister,ＴＮレーシング,
2026/05/09,,3歳未勝利,東京,芝2400m,ニシノヒノトリ,ルーラーシップ,ニシノアカツキ,オペラハウス,西山　茂行,
2026/05/09,,3歳未勝利,新潟,ダ1200m,フレンズプラス,クリソベリル,ウィットウォーター,ヨハネスブルグ,稲場　澄,
2026/05/09,,3歳未勝利,京都,芝2000m,マジカルアメジスト,シスキン,スペルオンミー,ダイワメジャー,サンデーレーシング,
2026/05/09,,4歳上1勝クラス,東京,ダ2100m,マウントバーノン,ルヴァンスレーヴ,ワシントンレガシー,クロフネ,キャロットファーム,
2026/05/09,,4歳上1勝クラス,京都,ダ1400m,ローマンレイク,ドレフォン,メジロオードリー,スペシャルウィーク,シルクレーシング,
2026/05/09,,4歳上2勝クラス,東京,ダ1400m,モーニングマジック,マインドユアビスケッツ,シャスターデイジー,アグネスタキオン,ノースヒルズ,
2026/05/09,G3,エプソムカップ,東京,芝1800m,トロヴァトーレ,レイデオロ,シャルマント,エンパイアメーカー,サンデーレーシング,
2026/05/09,G2,京都新聞杯,京都,芝2200m,コンジェスタス,コントレイル,キラモサ,Alamosa,シルクレーシング,
2026/05/09,,障害4歳上オープン,新潟,障2890m,ルドヴィクス,モーリス,ピーチブローフィズ,シンボリクリスエス,村木　克子,
2026/05/10,,3歳1勝クラス,京都,ダ1800m,メイショウコマチ,ルヴァンスレーヴ,メイショウタチマチ,スペシャルウィーク,松本　好隆,
2026/05/10,,3歳未勝利,京都,芝2000m,アトレッタ,キズナ,シャッセロール,クロフネ,名古屋友豊,
2026/05/10,,3歳未勝利,新潟,ダ1200m,エコログロウ,ドレフォン,ペイザージュ,ダイワメジャー,原村　正紀,
2026/05/10,,3歳未勝利,京都,ダ1200m,ビサーロ,キズナ,ベルクリア,ヴァーミリアン,水上　行雄,
2026/05/10,,3歳未勝利,京都,ダ1800m,ミルボナー,ルヴァンスレーヴ,レイナアラ,マンハッタンカフェ,名古屋友豊,
2026/05/10,,3歳未勝利,東京,芝2000m,ランブルスコ,キタサンブラック,サマーハ,Singspiel,金子真人ホールディングス,
2026/05/10,,4歳上1勝クラス,東京,芝1400m,ウインイザナミ,モーリス,コスモネモシン,ゼンノロブロイ,ウイン,
2026/05/10,,4歳上1勝クラス,新潟,ダ1200m,ハッピーウィズユー,キズナ,フェアエレン,Street Cry,前田　幸大,
2026/05/10,,4歳上1勝クラス,新潟,ダ1200m,フォンメイリー,ドレフォン,チャイナドール,スペシャルウィーク,ノルマンディーサラブレッドレーシング,
2026/05/10,,4歳上2勝クラス,東京,芝1400m,レッドキングリー,サートゥルナーリア,レッドエルザ,Smart Strike,東京ホースレーシング,
2026/05/10,,4歳上2勝クラス,京都,ダ1400m,ヴィリアリート,ナダル,メリーウィドウ,ゴールドアリュール,シルクレーシング,
2026/05/10,L,メトロポリタンステークス,東京,芝2400m,ウエストナウ,キズナ,ファヴォーラ,Frankel,寺田　寿男,
2026/05/10,OP,平城京ステークス,京都,ダ1800m,テスティモーネ,ドレフォン,ワイズアンサー,サウスヴィグラス,宮川　純造,
2026/05/10,,日吉特別（4歳以上2勝クラス）,東京,ダ2100m,ロードブレイズ,ロードカナロア,ブリュネット,ダイワメジャー,ロードホースクラブ,
2026/05/10,,烏丸ステークス（4歳以上3勝クラス）,京都,芝2400m,レクスノヴァス,キタサンブラック,ウルティマミューズ,キングカメハメハ,ノルマンディーサラブレッドレーシング,
2026/05/10,L,谷川岳ステークス,新潟,芝1400m,ランフォーヴァウ,ロードカナロア,キネオダンサー,ディープインパクト,窪田　芳郎,
2026/05/10,G1,ＮＨＫマイルカップ,東京,芝1600m,ロデオドライブ,サートゥルナーリア,ビバリーヒルズ,スニッツェル,吉田　勝己,
2026/05/16,,3歳1勝クラス,東京,芝2400m,マジョレルブルー,コントレイル,ブルーミングアレー,シンボリクリスエス,社台レースホース,
2026/05/16,,3歳未勝利,新潟,芝1000m,アカウフリューゲル,キタサンブラック,ラヴバインド,ショウナンカンプ,鈴木　昌樹,
2026/05/16,,3歳未勝利,新潟,芝1800m,アナザーフェイス,エピファネイア,マスクオフ,ディープインパクト,社台レースホース,
2026/05/16,,3歳未勝利,京都,ダ1800m,ゴールドコット,オルフェーヴル,アプリコットフィズ,ジャングルポケット,Ｇ１レーシング,
2026/05/16,,3歳未勝利,京都,ダ1400m,ルージュバロン,コントレイル,ダンシングラグズ,Union Rags,東京ホースレーシング,
2026/05/16,,4歳上1勝クラス,京都,芝1600m,コルドンブルー,キズナ,ヴァイセフラウ,キングカメハメハ,ノースヒルズ,
2026/05/16,,4歳上1勝クラス,新潟,芝1400m,サンタアニタ,ナダル,ワンスインナムーン,アドマイヤムーン,諸江　幸祐,
2026/05/16,,あずさ賞（3歳1勝クラス）,京都,芝2000m,レッドラージャ,コントレイル,ボインビューティー,Giant's Causeway,東京ホースレーシング,
2026/05/16,,上賀茂ステークス（4歳以上3勝クラス）,京都,ダ1900m,ヒルノハンブルク,ナダル,グリントオブライト,ステイゴールド,ヒルノ,
2026/05/16,,石打特別（4歳以上1勝クラス）,新潟,芝1800m,ルールーリマ,キズナ,エヴァイエ,ロードカナロア,ノースヒルズ,
2026/05/16,OP,鞍馬ステークス,京都,芝1200m,フリッカージャブ,サートゥルナーリア,ナイキトリック,サクラバクシンオー,ウエスト．フォレスト．ステイブル,
2026/05/17,,3歳1勝クラス,京都,ダ1800m,ジャイアンバローズ,クリソベリル,サトノアイビス,Bodemeister,猪熊　広次,
2026/05/17,,3歳未勝利,東京,ダ2100m,エクストラプッシュ,ナダル,ヘアケイリー,ディープインパクト,亀井　哲也,
2026/05/17,,3歳未勝利,京都,芝2000m,エンジェルボイス,キズナ,ザナ,Galileo,ノースヒルズ,
2026/05/17,,3歳未勝利,新潟,ダ1800m,オーケーリアン,ナダル,ステイウィズアンナ,ステイゴールド,小野　建,
2026/05/17,,3歳未勝利,東京,芝1800m,クカイリモク,サートゥルナーリア,ウィキウィキ,フレンチデピュティ,金子真人ホールディングス,
2026/05/17,,3歳未勝利,東京,ダ1400m,デスサイズ,シスキン,トーホウハニー,ステイゴールド,東豊物産,
2026/05/17,,3歳未勝利,京都,ダ1900m,ヒラボクソライア,ドレフォン,ヒラボクメルロー,モンテロッソ,平田牧場,
2026/05/17,,3歳未勝利,京都,芝1600m,ペプチドブッドレア,イスラボニータ,ペプチドセマム,エンパイアメーカー,沼川　一彦,
2026/05/17,,3歳未勝利,東京,ダ1600m,ミライヘノティアラ,サートゥルナーリア,モナリザ,Giant's Causeway,三島　宣彦,
2026/05/17,,4歳上1勝クラス,新潟,ダ1800m,ゴルデールスカー,モーリス,マラムデール,フレンチデピュティ,サンデーレーシング,
2026/05/17,,4歳上1勝クラス,新潟,ダ1200m,スーパーバイザー,ルーラーシップ,セレブレーション,ハーツクライ,高嶋　航,
2026/05/17,,4歳上1勝クラス,新潟,芝2000m,ベネスピラ,レイデオロ,ペイフォワード,ディープインパクト,フィールドレーシング,
2026/05/17,,テレ玉杯（4歳以上2勝クラス）,東京,芝1600m,エルマーゴ,サートゥルナーリア,ホーリーウーマン,Tawqeet,長谷川　祐司,
2026/05/17,G1,ヴィクトリアマイル,東京,芝1600m,エンブロイダリー,アドマイヤマーズ,ロッテンマイヤー,クロフネ,シルクレーシング,
2026/05/17,,弥彦ステークス（4歳以上3勝クラス）,新潟,芝1800m,エストゥペンダ,サートゥルナーリア,エストレチャダ,Offlee Wild,Ｖｉｒｉｄｉａｎ　Ｋｅｉｂａ　Ｃｌｕｂ,
2026/05/17,,白川特別（4歳以上2勝クラス）,京都,芝2400m,ベイラム,サートゥルナーリア,ベイトゥベイ,Sligo Bay,社台レースホース,
2026/05/17,,錦ステークス（4歳以上3勝クラス）,京都,芝1600m,カズミクラーシュ,モーリス,シャンボールフィズ,キングカメハメハ,吉田　和美,
2026/05/17,,障害4歳上未勝利,新潟,障2890m,ヴェールランス,キタサンブラック,ジュエラー,ヴィクトワールピサ,社台レースホース,
2026/05/17,,ＢＳイレブン賞（4歳以上3勝クラス）,東京,ダ1400m,ラファル,ドレフォン,アグネスリース,フレンチデピュティ,カナヤマホールディングス,
2026/05/23,,3歳未勝利,新潟,ダ1800m,ウェルム,スワーヴリチャード,プラリーヌ,Pivotal,フジワラ・ファーム,
2026/05/23,,3歳未勝利,京都,芝2200m,パンチャマハブータ,アドマイヤマーズ,ツキノサバク,Oasis Dream,ウエスト．フォレスト．ステイブル,
2026/05/23,,3歳未勝利,東京,芝2000m,ボニープリンス,レイデオロ,ルージュバック,マンハッタンカフェ,キャロットファーム,
2026/05/23,,3歳未勝利,新潟,ダ1800m,マシン,クリソベリル,ラインダール,クロフネ,石川　達絵,
2026/05/23,,4歳上1勝クラス,京都,ダ1800m,ビルンバウム,マインドユアビスケッツ,スカーレル,ゴールドアリュール,社台レースホース,
2026/05/23,,4歳上1勝クラス,京都,芝1800m,マディソンガール,キズナ,ヤンキーローズ,All American,サンデーレーシング,
2026/05/23,,4歳上1勝クラス,新潟,ダ1200m,ヴェントインコーダ,ドレフォン,アイスブレイク,マンハッタンカフェ,山田　信太郎,
2026/05/23,,4歳上2勝クラス,東京,ダ1600m,キョウエイフロイデ,サトノクラウン,ケイティバローズ,マンハッタンカフェ,田中　晴夫,
2026/05/23,,カーネーションカップ（3歳1勝クラス）,東京,芝1800m,イクシード,キタサンブラック,シャトーブランシュ,キングヘイロー,シルクレーシング,
2026/05/24,,3歳1勝クラス,京都,ダ1900m,ボクマダネムイヨ,クリソベリル,イイコトバカリ,エンパイアメーカー,小田切　光,
2026/05/24,,3歳未勝利,新潟,ダ1200m,アーガイルショア,ナダル,ベルプラージュ,キングカメハメハ,キャロットファーム,
2026/05/24,,3歳未勝利,東京,ダ1400m,オテンバプリンセス,ナダル,ロゼリーナ,キングカメハメハ,田畑　利彦,
2026/05/24,,3歳未勝利,新潟,芝2000m,ディアアズール,ダノンキングリー,アナスタシアブルー,ファルブラヴ,ライオンレースホース,
2026/05/24,,3歳未勝利,京都,ダ1900m,ピエナブラック,キタサンブラック,キタサンベッキー,パイロ,本谷　兼三,
2026/05/24,,3歳未勝利,東京,芝1800m,ルーリングクラス,ルーラーシップ,アップライトスピン,ディープインパクト,キャロットファーム,
2026/05/24,,4歳上1勝クラス,京都,ダ1400m,ジュルナール,ロードカナロア,サマーハ,Singspiel,ＤＭＭドリームクラブ,
2026/05/24,,4歳上1勝クラス,京都,芝1400m,ペールノエル,モーリス,シュプリームギフト,ディープインパクト,サンデーレーシング,
2026/05/24,,フリーウェイステークス（4歳以上3勝クラス）,東京,芝1400m,レッドエヴァンス,ロードカナロア,レッドアヴァンセ,ディープインパクト,東京ホースレーシング,
2026/05/24,G1,優駿牝馬,東京,芝2400m,ジュウリョクピエロ,オルフェーヴル,ハッピーヴァリュー,ゼンノロブロイ,近藤　健介,img/juryokupiero-oaks.jpg
2026/05/24,,国分寺特別（4歳以上2勝クラス）,東京,芝1800m,フォルラニーニ,エピファネイア,リナーテ,ステイゴールド,サンデーレーシング,
2026/05/24,,聖護院特別（4歳以上2勝クラス）,京都,芝1800m,アラタマフェーヴル,オルフェーヴル,アラタマクリスエス,シンボリクリスエス,荒木　謙次,
2026/05/24,,高瀬川ステークス（4歳以上3勝クラス）,京都,ダ1200m,アンズアメ,ドレフォン,ホウライマツリ,エンパイアメーカー,ヒダカ・ブリーダーズ・ユニオン,
2026/05/30,,3歳1勝クラス,東京,ダ1600m,ヒシアムルーズ,サートゥルナーリア,ソーメニーウェイズ,Sightseeing,Ｈｉｓｈｉ　Ｐａｒｔｎｅｒｓ,
2026/05/30,,3歳未勝利,東京,芝2400m,ゴンファロニエーレ,エピファネイア,タッチングスピーチ,ディープインパクト,サンデーレーシング,
2026/05/30,,3歳未勝利,京都,芝1800m,サトノアグード,ロードカナロア,フィオドラ,Lord of England,里見　治,
2026/05/30,,3歳未勝利,京都,芝2400m,シートゥサミット,モーリス,フラワーバレイ,Discreet Cat,小林英一ホールディングス,
2026/05/30,,4歳上2勝クラス,京都,芝1400m,サンタンカ,モーリス,ハピネス,コマンズ,ゴドルフィン,
2026/05/30,,葉山特別（4歳以上2勝クラス）,東京,芝1600m,ミッキーソルジャー,エピファネイア,マダムダンスアロット,Sir Prancealot,野田　みづき,
2026/05/30,,障害4歳上未勝利,東京,障3000m,モンツァフレイバー,エピファネイア,メープルフレイバー,キングカメハメハ,尾田　信夫,
2026/05/31,,3歳未勝利,東京,ダ1600m,エフハリスト,ロードカナロア,シグナライズ,Frankel,ロードホースクラブ,
2026/05/31,,3歳未勝利,東京,芝1600m,トランスマーレ,エピファネイア,ランドオーバーシー,Bellamy Road,社台レースホース,
2026/05/31,,3歳未勝利,東京,ダ1600m,ヴァンデスペランス,ドレフォン,レスペランス,キングカメハメハ,シルクレーシング,
2026/05/31,,4歳上1勝クラス,東京,芝1800m,セイロンジェムズ,レイデオロ,シンハライト,ディープインパクト,吉田　和美,
2026/05/31,,4歳上2勝クラス,京都,芝2000m,フィオレストラーダ,エピファネイア,キャトルフィーユ,ディープインパクト,ロードホースクラブ,
2026/05/31,,渡月橋ステークス（4歳以上3勝クラス）,京都,芝1400m,スマートワイス,ロードカナロア,スマートレイアー,ディープインパクト,大川　徹,
2026/05/31,,與杼特別（4歳以上2勝クラス）,京都,ダ1800m,ゴッドエスパーダ,レイデオロ,キョウワゼノビア,ハーツクライ,中西　憲治,
2026/05/31,,障害4歳上オープン,京都,障3170m,コンテナワールド,エピファネイア,ユッカマウンテン,アグネスタキオン,住谷　孝一,
2026/05/31,,青嵐賞（4歳以上2勝クラス）,東京,芝2400m,サトノパトリオット,レイデオロ,ティファニーズオナー,Street Cry,里見　治,
2026/05/31,,ＩＦＨＡ杯むらさき賞（4歳以上3勝クラス）,東京,芝1800m,レイニング,サートゥルナーリア,クルミナル,ディープインパクト,キャロットファーム,
2026/06/06,,2歳新馬,阪神,芝1600m,ジーティーサクラ,キタサンブラック,マニーズオンシャーロット,Mizzen Mast,田畑　利彦,
2026/06/06,,2歳新馬,東京,芝1600m,フィリオソラーレ,エピファネイア,フィリアプーラ,ハービンジャー,キャロットファーム,
2026/06/06,,3歳上1勝クラス,阪神,芝2200m,マイバレンタイン,キズナ,キトゥンズクイーン,Kitten's Joy,ノースヒルズ,
2026/06/06,,3歳未勝利,阪神,ダ1400m,アクアアイ,ドレフォン,アドマイヤセプター,キングカメハメハ,ＴＮレーシング,
2026/06/06,,3歳未勝利,阪神,芝1200m,タナブイハチターボ,イスラボニータ,ラブリーアモン,ソングオブウインド,田中　俊彰,
2026/06/06,,3歳未勝利,阪神,ダ1200m,ビスケットアソート,マインドユアビスケッツ,ファビュラスギフト,エイシンフラッシュ,グリーンファーム,
2026/06/06,,3歳未勝利,阪神,芝1600m,ビーチェマーレ,ロードカナロア,ドリームアンドドゥ,Siyouni,キーファーズ,
2026/06/06,,3歳未勝利,東京,ダ1600m,ポッドジーク,キズナ,キャリサガ,Sageburg,小川　眞査雄,
2026/06/06,,3歳未勝利,阪神,ダ1800m,メイショウコシュウ,ナダル,メイショウササユリ,スズカマンボ,松本　好隆,
2026/06/06,,垂水ステークス（3歳以上3勝クラス）,阪神,芝2000m,ジーティーダーリン,サートゥルナーリア,ディアマイダーリン,ハーツクライ,田畑　利彦,
2026/06/06,,城崎特別（3歳以上1勝クラス）,阪神,芝1800m,カフジエメンタール,ポエティックフレア,パンデリング,キングカメハメハ,加藤　千豊,
2026/06/06,,稲城特別（3歳以上1勝クラス）,東京,芝2400m,エリプティクカーブ,レイデオロ,メジロマリアン,メジロベイリー,池谷　誠一,
2026/06/06,,障害3歳上未勝利,東京,障3000m,ライラスター,ロードカナロア,ハープスター,ディープインパクト,キャロットファーム,
2026/06/07,,2歳新馬,東京,芝1800m,ジョドレルバンク,エフフォーリア,アースライズ,マンハッタンカフェ,吉田　勝己,
2026/06/07,,2歳新馬,阪神,芝1400m,ビスケットサンド,マインドユアビスケッツ,ガルデルスリール,ダイワメジャー,保坂　和孝,
2026/06/07,,3歳上1勝クラス,阪神,ダ1800m,チェリヴェント,コントレイル,クリアリーコンフューズド,Successful Appeal,中村　忠彦,
2026/06/07,,3歳上1勝クラス,阪神,芝1400m,ワンコールアウェイ,サートゥルナーリア,モーニングコール,ブライアンズタイム,飯田　良枝,
2026/06/07,,3歳未勝利,東京,ダ2100m,インナーパッション,キズナ,ブラインドラック,Pollard's Vision,平井　裕,
2026/06/07,,3歳未勝利,阪神,芝2000m,エースフライト,コントレイル,シスタリーラヴ,Bellamy Road,ＤＭＭドリームクラブ,
2026/06/07,,3歳未勝利,阪神,芝1800m,サリエンテ,キズナ,サロミナ,Lomitas,シルクレーシング,
2026/06/07,,3歳未勝利,東京,ダ1300m,フィールマイプラン,サトノクラウン,フィールザプリティ,ブラックタイド,櫻井　正,
2026/06/07,G1,安田記念,東京,芝1600m,シックスペンス,キズナ,フィンレイズラッキーチャーム,Twirling Candy,キャロットファーム,
2026/06/07,,小金井特別（3歳以上2勝クラス）,東京,ダ1600m,マクリール,ロードカナロア,アイリッシュシー,Galileo,シルクレーシング,
2026/06/07,OP,水無月ステークス,阪神,ダ1200m,アンズアメ,ドレフォン,ホウライマツリ,エンパイアメーカー,ヒダカ・ブリーダーズ・ユニオン,
2026/06/07,,香港ジョッキークラブトロフィー（3歳以上2勝クラス）,東京,芝2000m,ゴーラッキー,キタサンブラック,ジェットセッティング,Fast Company,吉田　和美,
2026/06/13,,2歳新馬,東京,芝1600m,シャンデヴァーグ,ロードカナロア,プールヴィル,Le Havre,吉田　照哉,
2026/06/13,,2歳新馬,函館,芝1200m,ダイメイビッグボス,サートゥルナーリア,ミスチヴァスミスティ,Into Mischief,宮本　昇,
2026/06/13,,3歳上1勝クラス,東京,芝1400m,インプロペリア,ロードカナロア,パストフォリア,シンボリクリスエス,サンデーレーシング,
2026/06/13,,3歳上1勝クラス,函館,ダ1700m,ハヤブサオヒメサマ,ロードカナロア,フェアリーダンス,アグネスタキオン,武田　修,
2026/06/13,,3歳上1勝クラス,函館,芝1200m,ホワイトドラゴン,ダノンキングリー,ピースオブラヴ,マイネルラヴ,ザ・チャンピオンズ,
2026/06/13,,3歳未勝利,東京,ダ1400m,キリミツ,ルヴァンスレーヴ,アペラシオン,アドマイヤムーン,木村　廣太,
2026/06/13,,3歳未勝利,函館,芝2600m,クオンタムスター,コントレイル,サンタモニカ,Mastercraftsman,ＫＲジャパン,
2026/06/13,,3歳未勝利,函館,ダ1000m,クロナ,スワーヴリチャード,アーマイン,Exchange Rate,村木　慎吾,
2026/06/13,,3歳未勝利,阪神,芝1600m,フェルギナス,エピファネイア,カンビーナ,Hawk Wing,社台レースホース,
2026/06/13,,3歳未勝利,阪神,芝1800m,ラパンドール,コントレイル,ラビットラン,Tapit,窪田　芳郎,
2026/06/13,,3歳未勝利,東京,ダ1600m,ロケットパンチ,ナダル,ベルキューティ,ロードカナロア,子安裕樹ＲＣ,
2026/06/13,,三田特別（3歳以上2勝クラス）,阪神,芝2200m,アスクコモンタレヴ,キズナ,ベストセラーアスク,キングカメハメハ,廣崎　利洋,
2026/06/13,,夏至ステークス（3歳以上3勝クラス）,東京,ダ1600m,ルヴァレドクール,ルヴァンスレーヴ,アルマユディト,ヨハネスブルグ,吉田　晴哉,
2026/06/13,,奥尻特別（3歳以上1勝クラス）,函館,芝2000m,ウェイクフィールド,キズナ,ハーレムライン,マンハッタンカフェ,社台レースホース,
2026/06/14,,2歳新馬,阪神,芝1800m,インカルナータ,エフフォーリア,クッカーニャ,フジキセキ,サンデーレーシング,
2026/06/14,,2歳新馬,東京,芝1600m,ベルウッドディープ,エフフォーリア,ディープビヨンド,ディープインパクト,鈴木　照雄,
2026/06/14,,3歳上1勝クラス,東京,芝2000m,ジャスティンシカゴ,スワーヴリチャード,エリカブライト,キングカメハメハ,三木　正浩,
2026/06/14,,3歳上1勝クラス,函館,ダ1700m,ストラーダ,ルヴァンスレーヴ,スイートジュエリー,キングカメハメハ,スリーエイチレーシング,
2026/06/14,,3歳上1勝クラス,阪神,芝2000m,ナリタエスペランサ,キタサンブラック,ワンダーフィリー,Invincible Spirit,オースミ,
2026/06/14,,3歳上1勝クラス,東京,ダ1600m,バスキュール,ナダル,レティキュール,ハーツクライ,サンデーレーシング,
2026/06/14,,3歳上1勝クラス,東京,ダ2100m,マッドゲイル,ルヴァンスレーヴ,チェリーペトルズ,ダイワメジャー,亀井　哲也,
2026/06/14,,3歳上1勝クラス,阪神,ダ1200m,レッドレベンディス,クリソベリル,レッドシャーロット,ロードカナロア,東京ホースレーシング,
2026/06/14,,3歳上2勝クラス,東京,ダ1600m,ロンギングフォユー,ナダル,クールデザイン,ディープインパクト,坂本　浩一,
2026/06/14,,3歳未勝利,函館,芝2000m,エイカイコバチ,エピファネイア,ノーブルスコア,ディープインパクト,二木　英実,
2026/06/14,,3歳未勝利,阪神,芝2200m,チェルヴァーラ,エピファネイア,チェッキーノ,キングカメハメハ,サンデーレーシング,
2026/06/14,,3歳未勝利,函館,芝1800m,ブランヴァンダイク,エピファネイア,ブランノワール,ロードカナロア,シルクレーシング,
2026/06/14,,3歳未勝利,東京,ダ2100m,モデレートゲイル,ドレフォン,レインボーダリア,ブライアンズタイム,Ｇ１レーシング,
2026/06/14,,3歳未勝利,東京,ダ1300m,レゲンデ,ルヴァンスレーヴ,ミスドバウィ,Dubawi,林　正道,
2026/06/14,,3歳未勝利,阪神,ダ1800m,レッドホット,キズナ,スティーリンキッシーズ,Sky Mesa,ノースヒルズ,
2026/06/14,,八雲特別（3歳以上1勝クラス）,函館,芝1800m,モンローウォーク,キズナ,アンフィトリテ２,Sebring,エムズレーシング,
2026/06/14,,函館日刊スポーツ杯（3歳以上2勝クラス）,函館,芝1200m,マーブルパレス,アドマイヤマーズ,マーブルサニー,クロフネ,下村　直,
2026/06/14,,武庫川特別（3歳以上2勝クラス）,阪神,芝1200m,ミロワール,ロードカナロア,オルトリンデ,ダンスインザダーク,フォレストレーシング,
2026/06/14,,花のみちステークス（3歳以上3勝クラス）,阪神,芝1600m,ミナデオロ,レイデオロ,ゴールデンドックエー,Unusual Heat,サンデーレーシング,
2026/06/14,,逆瀬川特別（3歳以上2勝クラス）,阪神,ダ1800m,メイショウコマチ,ルヴァンスレーヴ,メイショウタチマチ,スペシャルウィーク,松本　好隆,
2026/06/20,,3歳上1勝クラス,函館,ダ1000m,クロナ,スワーヴリチャード,アーマイン,Exchange Rate,村木　慎吾,
2026/06/20,,3歳上1勝クラス,阪神,芝2400m,サガルマータ,コントレイル,コンヴィクション２,City Banker,前田　幸治,
2026/06/20,,3歳上1勝クラス,阪神,ダ1800m,ショウナンバンライ,オルフェーヴル,シュガーショック,Candy Ride,国本　哲秀,
2026/06/20,,3歳未勝利,東京,ダ1400m,アンジェラス,ロードカナロア,フェリス,ジャングルポケット,ロードホースクラブ,
2026/06/20,,3歳未勝利,函館,芝2000m,ジャケットポケット,レイデオロ,サピアウォーフ,クロフネ,高橋　美雄,
2026/06/20,,3歳未勝利,東京,芝1800m,ジュナベーラ,スワーヴリチャード,エクセランフィーユ,Frankel,サンデーレーシング,
2026/06/20,,3歳未勝利,東京,ダ1600m,ダノンプレサージュ,サートゥルナーリア,シーウィルレイン,Manhattan Rain,ダノックス,
2026/06/20,,3歳未勝利,函館,芝1800m,ダーリンダーリン,ダノンキングリー,アドアード,Galileo,フィールドレーシング,
2026/06/20,,3歳未勝利,阪神,ダ1200m,マリリンバローズ,ナダル,フェアリーバローズ,ロードカナロア,猪熊　広次,
2026/06/20,,3歳未勝利,函館,ダ1700m,ミリオンアップ,オルフェーヴル,レッドリボン,ディープブリランテ,間野　隆司,
2026/06/20,OP,天保山ステークス,阪神,ダ1400m,ベルジュロネット,ロードカナロア,ベルカント,サクラバクシンオー,前田　晋二,
2026/06/20,,町田特別（3歳以上2勝クラス）,東京,芝2400m,チャリングクロス,キタサンブラック,ライジングクロス,Cape Cross,サンデーレーシング,
2026/06/20,,ＳＴＶ杯（3歳以上2勝クラス）,函館,芝1200m,アンジュプロミス,ドレフォン,サンビスタ,スズカマンボ,竹下　浩一,
2026/06/21,,3歳上1勝クラス,阪神,芝2000m,アーリーハーベスト,アドマイヤマーズ,スターズアンドクラウズ,Makfi,吉田　和美,
2026/06/21,,3歳上1勝クラス,函館,ダ1700m,ナクライト,アドマイヤマーズ,スカイダイヤモンズ,First Dude,インゼルレーシング,
2026/06/21,,3歳上1勝クラス,阪神,ダ1400m,ハッコウイチウ,スワーヴリチャード,ザクイーン,ヴィクトワールピサ,ＮＩＣＫＳ,
2026/06/21,,3歳上1勝クラス,東京,ダ1600m,ファンシーズ,ルヴァンスレーヴ,タイセイブランシュ,ルーラーシップ,ローレルレーシング,
2026/06/21,,3歳上1勝クラス,東京,芝1600m,ラベルセーヌ,キズナ,ラフォルス,Power,サンデーレーシング,
2026/06/21,,3歳未勝利,東京,ダ1600m,アクアマーズ,アドマイヤマーズ,ローエキスキーズ,Oasis Dream,シルクレーシング,
2026/06/21,,3歳未勝利,東京,芝1600m,ダノンアスコルティ,キタサンブラック,アスコルティ,Danehill Dancer,ダノックス,
2026/06/21,,3歳未勝利,函館,ダ2400m,ハイドパーク,クリソベリル,エイシンピカデリー,Hard Spun,ヒダカ・ブリーダーズ・ユニオン,
2026/06/21,,3歳未勝利,阪神,芝2400m,バディ,キズナ,カリンカ,キングカメハメハ,寺田　寿男,
2026/06/21,,3歳未勝利,函館,芝1800m,ベアサナエチャン,レイデオロ,アシュリン,マンハッタンカフェ,熊木　浩,
2026/06/21,,多摩川ステークス（3歳以上3勝クラス）,東京,芝1400m,ラーンザロープス,キズナ,キャンディネバダ,Pure Prize,吉田　照哉,
2026/06/21,,檜山特別（3歳以上2勝クラス）,函館,ダ1700m,チャーリー,クリソベリル,ジャンナスキッキ,War Front,嶋田　一成,
2026/06/21,,障害3歳上未勝利,東京,障3000m,ブライトマン,キズナ,キトゥンズダンプリングス,Kitten's Joy,前田　幸貴,
2026/06/21,,ＵＨＢ杯（3歳以上3勝クラス）,函館,芝1200m,アスティスプマンテ,ロードカナロア,アッラサルーテ,ダイワメジャー,吉田　勝己,
2026/06/27,,2歳未勝利,小倉,芝1200m,シスキンブルーム,シスキン,ボンジュールココロ,リンカーン,ホシノレーシング,
2026/06/27,,3歳上1勝クラス,福島,ダ1700m,ショウナンパトス,ルヴァンスレーヴ,ショウナンカサロ,キングカメハメハ,国本　哲秀,
2026/06/27,,3歳上1勝クラス,福島,芝1200m,デアリングエア,エピファネイア,デアリングバード,キングカメハメハ,ノルマンディーサラブレッドレーシング,
2026/06/27,,3歳未勝利,函館,ダ1700m,コイオステソーロ,ナダル,クァンタムミス,Smoke Glacken,了徳寺健二ホールディングス,
2026/06/27,,3歳未勝利,函館,芝1200m,スイープセレニティ,ロードカナロア,スイープセレリタス,ハーツクライ,シルクレーシング,
2026/06/27,,3歳未勝利,福島,ダ1700m,スターツトゥデイ,ナダル,フランジヴェント,キンシャサノキセキ,吉田　和美,
2026/06/27,,3歳未勝利,小倉,ダ1700m,タマモスカイ,ナダル,タマモマナムスメ,マンハッタンカフェ,タマモ,
2026/06/27,,3歳未勝利,函館,ダ1700m,プリンセスアツコ,ドレフォン,カフジウインド,ディープインパクト,タナカモータース,
2026/06/27,,3歳未勝利,函館,ダ1000m,マリブサーフ,ロードカナロア,マストバイアイテム,アフリート,ＹＧＧホースクラブ,
2026/06/27,,八代特別（3歳以上1勝クラス）,小倉,芝2000m,サヴォアフェール,エピファネイア,ナニアヒアヒ,キングカメハメハ,水上　行雄,
2026/06/27,,洞爺湖特別（3歳以上2勝クラス）,函館,芝2000m,ヨヒーン,キズナ,レディイヴァンカ,Tiz Wonderful,藤田　晋,
2026/06/27,,長万部特別（3歳以上1勝クラス）,函館,芝1200m,ドリーミングアップ,エピファネイア,ジュデッカ,ディープインパクト,古賀　和夫,
2026/06/27,,障害3歳上未勝利,福島,障2750m,ディベルティスマン,キズナ,レディオブキャメロット,Montjeu,堂守　貴志,
2026/06/28,,2歳未勝利,福島,芝1200m,オオセイケイ,サートゥルナーリア,ロイヤルストリート,ディープインパクト,由井　健太郎,
2026/06/28,,3歳上1勝クラス,福島,芝2600m,ゲンジ,オルフェーヴル,サクレディーヴァ,クロフネ,高橋　文男,
2026/06/28,,3歳上1勝クラス,小倉,ダ1000m,ゴールデンバランス,レイデオロ,ゴールデンフレアー,Medaglia d'Oro,草間　庸文,
2026/06/28,,3歳上1勝クラス,小倉,芝1800m,サリエンテ,キズナ,サロミナ,Lomitas,シルクレーシング,
2026/06/28,,3歳未勝利,福島,ダ1150m,サトノワーグナー,ロードカナロア,サトノワルキューレ,ディープインパクト,里見　治,
2026/06/28,,3歳未勝利,小倉,芝1800m,サンダーバード,エピファネイア,サロニカ,ディープインパクト,藤田　晋,
2026/06/28,,3歳未勝利,函館,芝2000m,マテンロウオリジン,キタサンブラック,シナジーウィスパー,ネオユニヴァース,寺田　千代乃,
2026/06/28,,帆柱山特別（3歳以上2勝クラス）,小倉,芝2600m,ナリタエスペランサ,キタサンブラック,ワンダーフィリー,Invincible Spirit,オースミ,
2026/06/28,,渡島特別（3歳以上2勝クラス）,函館,ダ1700m,プリンセッサ,ナダル,アンドリエッテ,ディープインパクト,永田　和彦,
2026/06/28,,西部日刊スポーツ杯（3歳以上2勝クラス）,小倉,ダ1700m,カルパ,モーリス,ブチコ,キングカメハメハ,金子真人ホールディングス,
